author,comment_count
tom-slacker,7847
oceanmountainlifer,7674
sneakpeek_bot,7593
rowgw,7569
MisoMesoMilo,7008
-_af_-,6483
Boogie_p0p,5219
bukitbukit,5101
_IsNull,4813
blackwoodsix,4776
FitCranberry,4530
ShadeX8,4495
musr,4459
HeavyArmsJin,4180
RepresentativeOk6676,4132
Jammy_buttons2,4056
hafchiu_pangsai,3951
ham_rain,3872
Pvt_Twinkietoes,3814
MangoDangoLango,3793
storebelly,3793
onlysyns,3631
mrwagga,3549
Bcpjw,3452
marikita_12,3226
AutoModerator,3211
nellynai,3200
jackology,3193
CastThatAccountAway,3069
maharlika12,3029
milogaosiudai,2882
livebeta,2868
upupandawayalways,2822
rheinl,2794
silentscope90210,2790
Doraemonhacker,2777
trashmaker,2678
potatetoe_tractor,2677
Unusualist,2661
kumgongkia,2580
DuePomegranate,2573
bilbolaggings,2570
dogssel,2546
EconomyIndependence2,2282
halloumisalami,2237
kiasu_spider,2222
prime5119,2134
sriracha_cucaracha,2123
UnintelligibleThing,2118
zoinks10,2028
NoSugarHor,2026
advanced_platypus,2017
Worms_sg,2012
KhongGuanBiscuits,1984
financial_learner123,1967
shimmynywimminy,1964
sushionstairs,1956
DanceAlien,1947
Prize_Used,1921
thisis4investing,1912
ernz_ernz,1887
Zukiff,1880
ongcs,1831
SiHtranger,1819
Eclipse-Mint,1784
Hazelnut526,1775
trivran,1739
hosehliao,1730
pingmr,1699
elpipita20,1678
laglory,1664
Brief_Worldliness162,1642
Familiar-Mouse4490,1635
kenyousmile,1615
whatsnewdan,1611
jquin03,1600
solaceteal,1598
AdministrativeRub235,1590
Shazam63,1589
etyn100,1581
gmdotes,1579
tryingmydarnest,1574
Puzzleheaded_Style52,1568
reallifeluxury,1559
singledesperateugly,1557
pigsticker82,1555
Rockylol_,1546
DisillusionedSinkie,1540
BS_MokiMoki34,1529
EaeleButEeelier,1528
syanda,1459
FluffyThePenguin,1440
WhimsyQuodlibet,1438
eclairfastpass,1430
condemned02,1429
brownriver12,1424
bigspicytomato,1421
grown-ass-man,1417
troublesome58,1402
ngrenjie,1392
worldcitizensg,1387
x1243,1355
smile_politely,1355
Initial_E,1352
Silverelfz,1352
tictactorz,1348
chesterqw,1347
Buddyformula,1343
Sodapiaaa,1314
syahawesome,1303
smurflings,1294
I_love_pillows,1286
MGTOWpiller,1284
RectumUnclogger,1282
owltherapist,1281
minisoo,1276
gydot,1264
Farquadthefirst,1264
Orangecuppa,1250
Graeyscale_creates,1244
Drink82,1234
handicapped-toilet,1233
eastsidegoondu,1230
nightfucker,1228
MAMBAMENTALITY8-24,1227
dontknowwhattodoat18,1224
asterinyx,1210
rawrious,1208
SnooPeripherals5901,1205
mikemarvel21,1204
AureBesh123,1194
TheBlazingPhoenix,1181
_sagittarivs,1181
HisPri,1178
ToastedKoppi,1169
PumpkinTaro,1168
chumsalmon98,1143
Johnathan_wickerino,1142
may0_sandwich,1141
Aiazel,1136
peachhyyhh,1134
nextlevelunlocked,1126
wakkawakkaaaa,1117
cakefucker123,1114
talliepolie,1107
dodgethis_sg,1104
Neptunera,1092
_dailycolours,1082
junkredpuppy,1080
ivan7296,1073
boogywumpy,1073
May_Titor,1069
yewjrn,1066
DevotedAnalSniffer,1060
accessdenied65,1060
Breadskinjinhojiak,1059
CSlv,1055
sec5,1049
GuaranteeNo507,1046
nostalgiaches,1046
Snoo-71585,1033
fitzerspaniel,1032
wiltedpop,1031
hugthispanda,1026
darklajid,1022
bonkers05,1022
purple_tamanegi,1021
Xanthon,1020
hypothid,1015
roastedporkbunzzz,995
botsland,993
MagosBiologis,992
vampirepathos,990
fish312,985
metaping,981
Kisaxis,978
gonearenoodles,974
lazysundaek,974
Achuapy,972
yasras94,971
leo-g,967
CervezaPorFavor,966
darrentbc,964
maybethisnameisfree,964
Jognnia,958
llama_in_space,958
honbhige,954
everraydy,947
loveforlandlords,945
jmzyn,944
kuang89,930
14high,928
Dependent-Alfalfa867,909
DatAdra,907
kimmyganny,904
chewbaacaa,895
Reflection-Which,893
Thanos_is_a_good_boy,892
yellowtofuwarrior,891
juswhack,888
unliketrap,884
Twrd4321,883
drmchsr0,878
MusicBytes,877
GeshtiannaSG,872
shadstrife123,863
random_avocado,860
tenbre,859
FalconHugeman,858
wank_for_peace,857
thinksfan,852
abigbluebird,851
ybct,845
onionwba,844
xfrezingicex,843
NotSiaoOn,843
firelitother,842
paddy_boomsticks,841
sexyhades69,841
agoxab,840
crisseur,836
li_shi,834
wocelot1003,828
shithappenssg,823
Sputniki,822
SnooGadgets3790,822
miceCalcsTokens,822
thousandleeeyes,817
Intentionallyabadger,816
Broccoli-2,814
tegeusCromis,814
raidorz,813
ceddya,813
SteaksAndShrooms,813
thrulim123,813
mailchecker,808
Wowmich,807
485320,805
dreadiplomat110,804
LobsterAndFries,800
mulder_and_sekali,800
anakinmcfly,799
StareintotheSun2020,796
princessapeachz,793
two_tents,793
fleetingmmrs,793
Varantain,791
rockythebalboa1990,790
Csz11,781
Durian881,781
septeal,779
MagicianMoo,778
ThisTakesThePizza,776
kenkiller,775
missfrown,774
26whitelines,774
EnvironmentRight5654,773
Budgetwatergate,773
kanemf,771
Vedor,769
Dishonorable_Son,764
throwaway29u82,763
Strong_Guidance_6437,761
Franzel123,761
N1_Procrastinator,759
MinisterforFun,758
GlobalSettleLayer,757
djmatt85,757
zanylife,756
UtilityCurve,752
ngjsp,747
sunburnt258,743
rukiahayashi,735
The_Celestrial,733
Buttclencher914,733
clusterfuvk,733
sct_trooper,733
saintlyknighted,731
AmbientFX,729
lafietafie,728
ungrateful_eyelash,726
WittyKap0,718
falkner97,718
AgreeableJello6644,717
zenqian,714
doggodada,714
D4nCh0,712
Eskipony,712
thegodfather_99,711
eccentric_eggplant,710
Effective-Lab-5659,705
milo_peng,704
runesplease,702
bourbunz,701
sageadam,700
Skiiage,698
littlefiredragon,697
leftright-sg,697
souna313313,696
raphielsteel,695
QuantumCactus11,695
fatenumber,692
durianboy19,691
PotatoFeeder,690
jessicat606,689
SnooRobots555222,689
overwearthief,688
FlyingSpaghettiBalls,686
imone5tree,685
freedomowns,683
khaosdd,683
hucks22,683
crimsonc0met,682
jupiter1_,681
ghostofwinter88,679
mcchickenwcheese,678
Fabulous-Resident898,678
Jhayden_93,676
Soitsgonnabeforever,675
fawe9374,673
BlitzAceSamy,671
Mikeferdy,670
wackocoal,669
Thefunincaifun,667
peanutmuahchee,662
redryder74,659
testercheong,658
123dream321,652
meanderawayy,648
TheDoorDoesntWork,648
CedaraThursday1314,647
metalleo,644
Traceforever24_7,643
raincomeagain,641
yoong421,641
NinetyThreeWaffle,640
Logical_Ad_3556,638
Pyrrylanion,637
Busy-Bug-6232,636
icebearrrrrr,636
Fellinlovewithawhore,635
tennis2shoes,634
Taberu_Tsukuru,632
Shadowys,631
samglit,630
lobangbecausenomoney,628
i_am_an_innocent_boy,628
International-Fox775,627
New-Emu330,626
sfushimi,626
barurutor,625
zchew,624
ForzentoRafe,624
SirPalat,622
Logi_Ca1,622
Sproinkerino,621
Paullesq,613
blahhh87,612
bluemax_137,610
wildcard1992,609
yewteeko,608
zombieslayer287,608
xutkeeg,607
thewind21,607
Goenitz33,606
polyetheneman,606
cantthinkofonesg,604
fallenspaceman,600
raymmm,599
007accountant,599
swordfishunter,598
Maplestori,597
thelastresort87,597
limelemonginger,596
JPJP_,594
Mindless-Sherbert-18,591
HildegardeWaynick,588
yourm2,584
waffledon8,584
drlqnr,584
stevekez,582
FocusOnThePOCUS,580
yeddddaaaa,579
Radiant-Yam-1285,579
Cute_Meringue1331,576
Kyanern,575
gagawithoutLady,574
aMinerInconvenience,572
WorkForAhGong,572
Reddit_1234792,571
Harmoniinus,569
IggyVossen,567
LookAtItGo123,567
Punkpunker,566
CisternOfADown,564
DatzQuickMaths,563
AZGzx,563
joefriday12,563
cowbungaa,561
law90026,561
PastLettuce8943,559
PhantomWolf83,557
Striking-Detective40,554
annoyed8,554
Deminovia,553
stockflethoverTDS,552
Book3pper,551
4dr14n,549
very_smol,549
jermso,547
shiny_tinfoil_hat,546
Administrator-Reddit,546
Ekadzati83,546
throwaway9901234,545
stormearthfire,545
ZeroPauper,545
udunjibai,544
MiloPengAlsoCan,543
zet19,542
lazerspewpew86,541
geft,540
pohpia,538
MadKyaw,538
tabbynat,536
nekosake2,535
paintingcopper,535
qwertybird88,534
bitflag,532
ModArchCure,529
notsharpenough,528
Turbochargedmemester,527
PrataKosong-,526
MamaJumba,526
iluj13,525
DifficultyExtension5,523
sheepbeme,522
cosgd,520
jester_juniour,519
thankiw,518
MadeByHideoForHideo,518
dravidan7,517
Zaphiel_495,516
Creepy_Cheek4205,515
power_gust,513
Zantetsukenz,513
Shoki81,509
JokerMother,509
SmirkingImperialist,506
road_2_pulled_pork,505
lkc159,503
nonameforme123,503
randomyellowperson,503
isparavanje,502
puncel,502
ChanChunSing4PM,501
ARE_U_FUCKING_SORRY,501
deadofcopy,499
chenz1989,499
LaZZyBird,498
MacWithoutCheese,494
erisestarrs,493
caramellocone,492
hammertanker,491
rendyanthony,490
Humble-Chris,488
LostTheGame42,488
glengyron,487
hun486,487
throwaway_clone,487
bagburrowsteel,485
lawlianne,483
KeythKatz,482
Eltharion-the-Grim,479
TheElevatedWalrus,478
ShortPutAndPMCC,478
helzinki,477
veryfascinating,477
lurkinglurkerwholurk,474
colddeadplacee,472
FalseAgent,470
raspberrih,470
3lungs,467
21_diamonds,465
GoldenMaus,464
hiturheartx,463
duckntackle,463
Zoisen,463
GoodBoysThinkAlike,462
Exofanjongdae,462
tolifeonline,462
ownselfpwnownself,459
tomatomater,458
Upper_Belt3520,458
DuhMightyBeanz,458
kopisiutaidaily,458
abuqaboom,457
meowmipoko,454
bencoolenboys,453
ItsallgoneLWong21,453
KenjiZeroSan,452
iemfi,452
R-X89,452
xakejesolo,450
nicky9499,449
caritas6,448
Speedymclaren,448
Iamrandom17,447
ErizaVerde-ArtistV,446
illEagle96,446
Otherwise-Map-4026,445
ALJY21,444
sigmacreed,444
risingsuncoc,443
Iridiumstuffs,443
merelyok,442
Fat_unker,442
throwawayyyy191,441
horsetrich,439
lilopowder,439
nonametrans,439
yeoreumi,439
JiPaiHongGanLiao,438
adrenaline_junkie88,437
biasedrapier26,437
cutegirlgirl39,437
wanderingcatto,437
mcpaikia,436
Available_Ad9766,436
Kelp91,436
Ahn_JiYoung,435
Elephant789,434
HokkienMeeLimeJuice,433
DangerousCrime,432
jermhah,432
Minamo-sensei,427
basilyeo,427
jitterbug726,427
upsize_popiah,427
AidilAfham42,426
Starscreamprime21,425
Throwaway90090011,424
glaciare24,424
haikallp,422
PARANOIAH,422
NC16inthehouse,422
nostepbropls,422
Redeptus,422
je7792,421
MediaCorpse,421
DonDonStudent,420
homerulez7,419
lemonberri,419
qeeqen,418
doc-tom,418
MapleViolet,416
CCVork,415
hydrangeapurple,414
Silverwhitemango,414
autistic_penguin_kai,413
xvdrk,413
oohlapoopoo,412
did_you_even_readdit,411
xxxr18,411
Taellion,410
evilplushie,410
TPohWasHere,409
rmp20002000,408
foxysnow,408
happybee8899,405
pannerin,405
laserbreams,404
PartTimeBomoh,404
goftigerm,404
ArmsHeavySoKneesWeak,404
offending_noodle,403
Acrophobic_Climber_,402
JayFSB,402
Jjzeng,400
PureSmoulder,400
VegetablesSuck,400
chrimminimalistic,398
Jonathan-Ang,396
BayleyToKairo,395
sfturtle11,395
cernanthm,395
wildheart38,394
minangkabau,394
boss_daddy51,393
jinhong91,393
Mindless_Archer_6410,392
RozyBarbie,391
max-torque,390
George_W_Bushido,389
ghostcryp,388
cakeday173,387
BearbearDarling,387
marvelsman,387
TheSodaDude,387
Lord___Shaxx,387
make_love_to_potato,387
transcendcosmos,387
mantism,386
CakeDanceNotWalk,386
tongzhimen,385
Whadafishyo,385
butilikewaffles,384
AugustinPower,382
mechacorgi19,382
aarkiax,382
elevicha,382
raven_warriors,382
jhmelvin,381
matchasoba,380
mechie_mech_mechface,379
Ironclaw85,379
PM_ME_YOUR_YAKUMAN,378
gently_into_the_dark,378
BakeMate,377
quietobserver1,377
J2fap,376
Cubyface,376
Great_Environment381,376
parka,376
anna8282lee,375
WildRacoons,375
SpermWhale,375
redditporean,374
isleftisright,374
Doxq,374
UmiMakiEli,372
sian_half,371
calamitysir,371
lormeeorbust,370
fijimermaidsg,369
Panadolis,369
Tempestuous-,369
aub_ao,368
flydrive,368
FunerealCrape,366
KopiSiewSiewDai,364
harukapudding,364
tindifferent,363
astepbackward,363
throawayzzzzzzzzzz,361
stuff7,361
HalcyoNighT,360
mhgsajj,360
JulSGP,360
AsparagusTamer,360
Bryanlegend,358
QuavoRuinedCulture3,358
Lurking-ham,357
CanardJauneQuack1,357
tatabusa,357
taenerysdargaryen,357
coff33mug,357
CloudDevelic,355
Outside-Following293,355
RandomDustBunny,354
Islandgirlnowhere,353
Burieduffalo,353
sgtransitevolution,353
Takemypennies,352
SomeChampion,352
cldw92,352
New_York_Smegmacake,351
OneScrewLoose_,351
phycle,350
RemiFlanScarlet,349
buttnugchug,348
Puzzleheaded_Dog3261,348
ionmyway,347
rammingfarts,346
Peksean10,346
Rayl24,345
dazark,345
enchantedtotem,345
idwttaii,344
normificator,344
notsocoolnow,344
DrCalFun,343
covid03,343
Ahboiboi2022,343
Oscarizxc,343
ch3rri_,343
donthavela,342
KimStacks,342
Kenny070287,341
doublemcspicyy,341
nixhomunculus,341
throwaway928366483,340
freedaemons,339
Akitten,338
YaleoverNUS,338
luckylifes,338
WorkingBenefit,338
Mynxs,337
generaladdict,336
inno7,336
helloween123,336
t_25_t,336
aliceintheborderland,335
redditor_here,335
eastdotcom,334
caipngnopng,334
jimmyspinsggez,334
iamrockymstar2,334
-jugjug-,334
ElopeToTheMoon,333
Unlucky-Patience6438,332
chrumms,332
TheMisterPotato,332
HistoricalPlatypus44,332
happybunday,332
Yura1245,331
SeaCranberry7720,331
patricklhe,331
scythentic,330
lhc987,329
the-big-macaron,329
MrBottle,329
hermanono,329
KoishiChan92,328
Windreon,328
strangerpie,328
Which_Tonight_7053,328
The9isback,328
greatguysg,327
TraditionalMacchiato,327
xinderw,326
alilcraziness,325
ElectricPraline,325
Alberqueque,325
nyvrem,325
elmachosierra,324
potatodestroyer2018,324
mktolg,324
superman1995,324
Winterstrife,324
sitsthewind,324
pewsg,324
uniquely_ad,323
hurricanechan,323
IAm_Moana,323
jamgantung,323
casiotech,322
MiloGaoPeng,322
NiceGirl432,322
kwpang,322
Sad-Republic5990,321
smilelikeachow,321
scumspork,321
6Hee9,320
deepfriedceleron,320
Cute_Grapefruit_367,320
teestooshort,320
UrAnusMods,319
luffytheOGgaan,318
seb_roc,318
BabaDuda,317
Scorchster1138,317
hooliemongoolie,316
Yamamizuki,316
ILoveVitasoy,316
mach8mc,316
tibatnemmoc,315
gojiraa69,315
Level-Ad7261,315
TheAlphaLion_com,315
mdgydis,314
ObsessedWCorgisNEXO,313
giecomo1,313
cinnabunnyrolls,313
aliasryan,310
orgastronaut,310
darkshenron,309
GelatinousGambol,309
DreamIndependent9316,309
NIDORAX,308
la_gusa,308
freyasan,308
TaskPlane1321,308
Aerizon,307
tehtf,307
SeeSeeOnlyHaha,307
pendelhaven,306
MolassesBulky,305
Eifand,305
REDGOESFASTAH,305
ambs1311,304
drsb13,304
cuntaliefondant3435,303
NathanXT1972,302
evanjlt,301
precipiceblades,301
captainphasma12,301
lockonreaper,301
maskapony,301
Cress-Distinct,301
crossfitveganaphache,300
hopeinson,300
aswlwlwl,300
SgStormtrooper,300
HanzoMainKappa,300
spareamint,299
drinkwater247,299
barackwater,299
etulf,298
TheBorkenOne,298
QuestioingEverything,298
Weir-Doe,298
ThickSolidandTight,297
scienceyguy,297
prata69,297
leonanana,296
Battleraizer,295
houganger,295
ivanhlb,295
rainbowyuc,293
Purple-Sand-6891,293
kreilzeg,293
rowthecow,293
zaphrode,292
Absorb_Nothing,292
Tkm_Kappa,292
OutcastedFrom17SG,292
alex08123,292
Anonvoiceofreason,292
wirexyz,292
Purpledragon84,292
monster_0123,292
sukequto,292
SimpleReadingSG90,291
LaksaJiaHum,291
Stealthstriker,291
ilovenoodles06,291
bullno1,291
revolusi29,290
yapyd,290
darkglave,289
HuDragon,289
morethanmeetsdi,289
gibtang,288
tanimalz,288
onetworomeo,288
thrashinabox,287
_Blythe,287
hotnoodles123,286
CstoCry,286
The_Wobbly_Guy,286
FireArcanine,286
YL0000,286
stratint,286
nova9001,286
marcuschookt,285
omnirai,285
Scarborough_sg,284
yrt97,284
puboranjingparty,283
cubitsemut,283
finnickhm,283
chillingbeer,283
Ill-Understanding280,283
hullabaloov,283
littlereddot11,283
TotalSingKitt,282
IndependenceFit6502,282
Onotomatopie,282
fluffiest-cat,281
diediemustsay,280
belmont_lay,279
averagechou,279
widowy_widow,279
smexxyhexxy,279
CulturalStrawberry,278
JZ5U,278
Hunkfish,278
Brikandbones,278
I_SNIFF_FARTS_DAILY,278
RyuShinGen,277
xbbllbbl,277
delulytric,277
tinkywinkyturbocock,277
hyllariestar,276
sub-2-felix,276
Speze123,275
Minereon,275
sgavatarbender,274
ryzecube,274
gobblertekken,274
SappyPaphiopedilum,274
blackreplica,274
oiwalaoeh,274
Boring_Landscape,274
Beautiful-Weird3240,273
StoenerSG,273
Krazyguylone,273
hateshalldevour,273
gnoserif22,272
rycbarm1234,271
ChattingDonut,271
swiwwtw,271
pandass_,271
litepad,271
bindingofsemen,270
momobutagirl,270
SalieriSendsHisRgds,270
kwaytiaotng,270
threesls,270
bonksonhead,270
thethinkingbrain,270
mutantsloth,269
hornyolebustard,269
chocolateloverx,269
nehjipain,269
icelemonteaftw,269
InterTree391,269
squishedpork,268
baelkie,268
xiiliea,268
biscuitboots,268
redberryboy123,268
Gungalley,268
marrytheta12,267
mangosteenlover,267
eilletane,267
alanhng2017,267
Speedz007,266
Praimfayaa,265
pastagurlie,265
Infortheline,265
General-Razzmatazz,265
LvL9999ZMonster,264
Party-Ring445,264
CrowdGoesWildWoooo,263
Mountain-Loss35,263
Great-Analyst-6499,262
ILoveLoveBitconnect,262
WaterFlask,261
yoshkoshdosh,261
j4deR4sif,261
ActionIsComin,260
RedSttrawbery,260
justathoughttoday,260
take-umbrage,260
suzumurachan,259
Tiger_King_,259
urcommunist,259
Zorroexe,258
Motor_Revolution268,258
accidentalclipboard,257
SlashCache,257
Elzedhaitch,255
Kopi0Kosong,255
Strangeronthebus2019,254
Iwillalwayswalkalone,254
coolbakerguy97,254
mizzery123,254
Still-Anywhere-540,254
ModeratelyHelpfulBot,254
jestermk,253
KOREANPUBLICSCHOOL,253
TheyCallMeAahbozz,253
ehe_tte_nandayo,253
highdiver_2000,252
Scarlet_Inky,252
MissLute,252
Starwind13,252
Z3r0es,251
derplamer,250
SpicyShrimpCookies,250
Sunzoner,250
hungry7445,250
Locastor,250
zaboron,249
moderndaykopic,249
Inner-Patience,249
Rouk3zila,249
PublicSummer0,248
Colonel_Snorlax,248
qwertyricky,248
fenrism,248
WildString46,247
Pchann,247
KaleidoscopeSea931,247
Eurito1,246
throwaway20111540,246
brokolili,246
tanqs789,245
rollin340,245
BeerAndMala,243
k34t0n,243
lolololol120,243
HedonisticSwine,242
zungedous,242
QubitQuanta,242
NoUreNotTheOnlyOne,242
MrDLTE3,242
Mahsunon,241
Afraidofdownvotes0,241
